ytid,start_time,class,set
MJ9-HmGWw1k,180,wind noise,train
CQSfI_tXZLY,180,wind noise,test
aT66uumZ0Zo,180,wind noise,train
qBAPsQkS8QI,180,wind noise,train
sGkh1W5cbH4,180,wind noise,train
LRgGmH-nCBo,180,wind noise,train
R5YrSBcBKh4,180,wind noise,train
hAZGUDmuTdA,180,wind noise,train
3flRnpLKRoI,180,wind noise,train
ltkhJhNo6a8,180,wind noise,test
v2Zh0oGmmvo,180,wind noise,train
0fHaQdacCmM,180,wind noise,train
mN7vsTIyego,180,wind noise,train
kA12lpWUVzA,180,wind noise,train
3hbpuIyM-04,180,wind noise,test
v4G6hAimtF0,180,wind noise,train
Ba0VaEIEO6U,180,wind noise,train
4KzFe50RQkQ,180,wind noise,train
XhJ0_1BwALI,180,wind noise,train
lWULd19LvaY,180,wind noise,train
OD5worsS-Mg,180,wind noise,train
P0-k2yH-sVs,180,wind noise,train
sT5f1jBJHng,0,wind noise,train
RZSht3nW9lM,180,wind noise,train
7BrIJrjxVxA,0,wind noise,test
3eILoQChD_A,0,wind noise,train
mDn-DNVfr-o,0,wind noise,train
WK25liGte9g,0,wind noise,train
vplX-qr4AIE,0,wind noise,train
bbjMDgMz504,0,wind noise,train
98j0V5ftlpE,10,wind noise,test
cvQLjfLw644,0,wind noise,train
NHC1FnUTE4I,0,wind noise,train
iU4hc-kDLd8,180,wind noise,train
cb2OJ20JTi4,30,wind noise,train
DzZHRZlZPEs,30,wind noise,train
UNSKJC2yv6I,5,waterfall burbling,test
g45jXV-fg2E,80,waterfall burbling,train
0ioN_Xwap-g,80,waterfall burbling,test
vemLEwjIxow,0,waterfall burbling,train
iXQ4AyyJSEk,0,waterfall burbling,train
ixr0Plq0T2M,5,waterfall burbling,train
y_FfBCx6bBM,10,waterfall burbling,train
csCkPOCZdTM,30900,waterfall burbling,test
o4zEYvQlk-U,30,waterfall burbling,train
o4zEYvQlk-U,30,waterfall burbling,train
k_B-ohL2-7I,10,waterfall burbling,train
auVd4o019ZI,15,waterfall burbling,train
1t7g690boao,10,waterfall burbling,train
FF2bhR7s3VY,5,waterfall burbling,train
uCnoOZKRcPw,10,waterfall burbling,train
kg3ElG-H7Wo,10,waterfall burbling,test
aj8VJ0i-Cr4,10,waterfall burbling,train
pyCy3xnvJ5c,30,waterfall burbling,train
IhOdds5WX1U,30,waterfall burbling,train
Io5nOXqUPtk,20,waterfall burbling,train
bzUdrbKVAcM,10,waterfall burbling,train
MsArDMDZi5I,5,waterfall burbling,test
cfcgFEfZwVs,0,waterfall burbling,train
9bEOKfr_BvI,1,underwater bubbling,train
njgpGkioQcE,60,underwater bubbling,train
yB5Taq3jdzM,0,underwater bubbling,train
BesNLp7Giso,10,underwater bubbling,train
6KPbFgPK0Bw,31,underwater bubbling,train
Qa24DFqfIUg,16,underwater bubbling,train
fuS3cyc2U1M,0,underwater bubbling,train
eEyEX05M_hI,9,underwater bubbling,train
DeRXt9oAIK0,0,underwater bubbling,train
Dwfo_Nh3KPs,0,underwater bubbling,train
4P0bGFmx9KQ,0,underwater bubbling,train
mZZ6wywiGq0,3,underwater bubbling,train
_Kwp2cSrM-s,0,underwater bubbling,train
lK44mcK_PGo,22,underwater bubbling,train
4N9yDU2Ui_I,1,underwater bubbling,train
NopKbooRRHs,0,underwater bubbling,train
pNC1gD5jKIM,0,underwater bubbling,test
HMRVbMB8S_M,6,underwater bubbling,train
1i79N_6wuIA,5,underwater bubbling,test
wk3dRb8B9hI,0,underwater bubbling,train
uw1asw_2g9I,1,underwater bubbling,train
cQcUcA-9roE,11,underwater bubbling,train
F1QbOJRb80Q,0,underwater bubbling,train
-4btXeiiBek,11,underwater bubbling,test
d4Q_1UegaQ0,2,underwater bubbling,train
QxS6PpMArMU,9,thunder,train
V3-Ex0WOrI8,1,thunder,train
5d7BIN5gOqU,59,thunder,train
x-dA_NblstA,12,thunder,train
gVKEM4K8J8A,4,thunder,train
AsD5u6k6dKI,1,thunder,train
Cl81XsrxGxg,56,thunder,train
E6JO0WfnFQ0,2,thunder,train
E6JO0WfnFQ0,2,thunder,train
ZcL-2m0BlnY,1,thunder,test
Ytp0-rBCgE8,12,thunder,train
BuLYHYQ90VU,0,thunder,train
RwHULI5KuCQ,16,thunder,train
fkFiIhDR_nc,3,thunder,train
3aezPSwUf4s,2,thunder,train
xT_M7B6yeiI,19,thunder,train
vU3misJFgTI,16,thunder,test
f-6-m70CNTo,1,thunder,train
Gz-jBbuqHZg,0,thunder,train
LqulfIzufHY,3,thunder,train
q6XlcY7rL0k,4,thunder,train
xytAfoU1d78,28,thunder,test
WBzodnSrjG8,0,thunder,train
-WrD5DwI6_4,0,thunder,test
8ZK9NHwpi7I,0,thunder,test
hPKOjtthSIA,24,squishing water,train
ryd0xkovvZg,24,squishing water,train
QUnmH1cOOpE,14,squishing water,train
waxWDDEWjYs,22,squishing water,train
o4zEYvQlk-U,24,squishing water,train
1t7g690boao,2,squishing water,train
o3z0jEYIdFM,49,squishing water,train
FnTzjLbV-YY,11,squishing water,train
zofBinqC2F4,3,squishing water,train
M9T7UC2F4x0,22,squishing water,train
Wver_dJ-X5c,4,squishing water,test
q37I1_msvFc,20,squishing water,train
LT6M7uLvZ3I,17,squishing water,train
JsEbVpTCd90,0,squishing water,train
qTNTZ8CVAX4,0,squishing water,test
KDUYy3xwCFs,0,squishing water,train
EjZG-UZxlHA,0,squishing water,train
IadsLclBOS8,1,squishing water,train
4himVgExTDM,3,squishing water,train
E8fiyj1hNwk,1,squishing water,train
6uhRxK_EOm4,3,squishing water,train
nn3wvAN15Ys,4,squishing water,train
0EY28tdiFlc,5,squishing water,train
ttyNWOAObrs,1,squishing water,train
czCHvDY23fc,5,squishing water,train
AWKzr6n0ea0,0,fire crackling,train
6VB4bgiB0yA,0,fire crackling,train
Ux8xAuQBdkk,1,fire crackling,train
gB3XH5t9QCA,3,fire crackling,train
Y1y9GAjuSt8,20,fire crackling,train
mWyak0g5LLI,30,fire crackling,train
GEbQVdX-YZM,0,fire crackling,train
UgHKb_7884o,4,fire crackling,train
quYru3pzhYo,20,fire crackling,train
Lk5bEoyAsHg,5,fire crackling,train
Ftm2uv7-Ybw,1,fire crackling,train
eXtaM4QM4hk,1,fire crackling,train
L_LUpnjgPso,0,fire crackling,train
M58Dlu6TWN0,0,fire crackling,train
7pTdGR46ZKA,0,fire crackling,train
IJf4QMPEbOI,10,fire crackling,train
bmGsQkLb4yg,0,fire crackling,train
gldJbbNnk3s,5,fire crackling,train
gaVJAlOU3mU,0,fire crackling,train
geDhhWvl1II,11,fire crackling,train
uvs5WDWB9hY,1,fire crackling,train
Y5lYF8hD2jg,8,fire crackling,train
7lcNXqR2RyA,0,fire crackling,train
suk9cR7c_S4,15,fire crackling,train
ZOAExL-xIDM,0,fire crackling,train
IDPhUfPDWKg,0,waterfall burbling,train
6uhRxK_EOm4,5,waterfall burbling,train
GzouLimiWFo,10,waterfall burbling,train
nE_XAauwu1I,10,waterfall burbling,train
cYKG11ast7Q,10,splashing water,train
E7qRkUYu580,60,splashing water,train
zp789sRyQKg,30,splashing water,train
wATW85Biu2c,30,splashing water,train
OjPgeXHjM9k,60,splashing water,train
gEQLKmQ5uss,5,splashing water,train
cRE8DHjNWck,10,splashing water,train
bn9F19Hi1Lk,0,splashing water,test
uom6RoyqFiE,0,splashing water,train
NfRfauY3fFg,0,splashing water,train
3DYyXme1nYg,0,splashing water,train
cO_IFJaWmhA,0,splashing water,train
GaGK7Ifnusg,0,splashing water,train
E9TDXXv_RUE,0,splashing water,train
74_vdVpDN7M,60,splashing water,test
0ANLBX2EgmM,30,splashing water,train
BiOZHuGI4NI,30,splashing water,train
3y3TXbkX_8k,60,splashing water,test
uINQcBokS80,40,splashing water,train
mbTW-Bl2PZg,0,splashing water,train
Xn8tufsbSz0,0,splashing water,test
8Jd9q8mWBPk,40,splashing water,train
r3AJ2v3D42E,30,splashing water,train
v8lHghSuiqE,0,splashing water,train
9asGDOPUVVA,0,splashing water,train
wctr-ab1I-I,0,splashing water,train
-EY3MpibkOE,0,splashing water,train
Xj0B9ttLTuc,0,splashing water,train
1V3oSwkdEVs,0,splashing water,train
atJjZPsvTek,0,splashing water,train
ec_xGmM_tJc,0,splashing water,train
iRVszhxP7SQ,5,thunder,train
NOAk-tr8Xxw,0,thunder,train
3cfFMcj4Guw,0,fire crackling,train
kt4Z2AA5Kj0,0,fire crackling,train
sehQdd14NCY,0,fire crackling,train
cdKop6aixVE,0,fire crackling,train
1ieNfIk3Ruo,4,fire crackling,train
cUoqN-qz-bI,10,fire crackling,train
QXe727SaE54,0,squishing water,train
4AwXmDjXCH4,0,squishing water,train
4nAOEAisdTg,0,squishing water,train
wkbNl0rv2SI,21,squishing water,train
GNR3zucc4X4,19,squishing water,train
vIh4aLX3cZQ,2,explosion,train
MZjZEVgQmno,0,explosion,test
SMfB1REALp4,15,wind noise,train
mtmB30Prqvs,0,wind noise,train
iO-mUnSjMKM,100,wind noise,train
G_kc_VR30VI,10,wind noise,train
9-tOXQLFyNE,10,wind noise,train
NveAIUhEi3M,10,wind noise,train
TxRbeh_YEDY,15,wind noise,test
wI1on2jLi7o,30,wind noise,train
yEn8_X7Ei3A,30,wind noise,train
dd212H6kjEQ,10,wind noise,train
e4jVXy8J3j0,10,wind noise,train
V8sjMUBz_M0,10,wind noise,test
UiRl6C5_uB8,10,wind noise,train
1ElqY3Q01Ig,10,wind noise,train
jG-cNHeHcEI,10,wind noise,test
XPFuadeypCQ,0,raining,train
PR516WiXDgQ,0,raining,train
iZEHi1BbO88,0,raining,train
JR7xo6NodPg,0,raining,train
YTis5Rm5kE8,0,raining,train
cFRcqnCpqoo,0,raining,test
peWTx5JVyA8,0,raining,train
YsUbHfE4n88,0,raining,train
YfIZ8c36BO0,0,raining,test
iQ5t4wD5cac,13,raining,train
jU0KzKRUtw4,0,raining,train
RJjr5yyODE4,25,raining,train
ueGIF6u37vY,6,raining,train
MjiVhwMSiQo,0,raining,train
mI-0nuBf-j0,0,raining,train
R1dyl0qw6k4,0,raining,train
07jWvsTfWXk,0,raining,train
EYv8PaIwgGk,0,raining,train
6PXME1DjsEs,0,raining,train
UKRcA8Mhrkc,13,raining,train
kzbJbd3pFDY,200,raining,train
ZxGqX1cJdSQ,0,raining,train
x7I6tIRUCiE,0,raining,train
MVnD0FRrBnk,10,raining,test
WHeCmI8BBm4,30,wind noise,train
NHC1FnUTE4I,15,wind noise,train
gr8O0eOvZ-0,0,raining,test
rYfR9QZCCbU,10,wind noise,train
ONrlqzWQVX8,10,wind noise,train
JvoX86Epz1w,0,raining,train
wtyPEhr0eL0,0,raining,train
TIycpvvmI1U,15,wind noise,train
DZsGQVsX9ts,5,wind noise,train
F3nRSbGakqI,0,raining,train
9GZsa-hD2uw,15,wind noise,train
j9d5GTaGM9Y,15,wind noise,train
OVrFr5VnFBA,0,raining,train
uAG339WsaU4,15,wind noise,train
glC1fpVTsRk,0,raining,train
3y2DurRJZfE,0,raining,train
5lR9wiBHcRc,0,raining,train
FPLu193PaeU,0,raining,test
su0mYn4I5UE,0,raining,train
q76bMs-NwRk,10,raining,train
ye8YHcVWDec,0,raining,train
310MMIrzGPU,0,raining,train
NkTyGjH7izQ,0,raining,train
oeI4Ulg0q_c,2,raining,train
tNUPvkoLH8M,2,raining,train
gZ6pbDs27-M,0,raining,train
Djx8FyMRIaU,0,raining,train
6KPbFgPK0Bw,40,underwater bubbling,train
07qdE6ZUQzU,0,underwater bubbling,train
n4DEfAKk0&t,0,underwater bubbling,train
G5Mr3NuHjaI,6903,underwater bubbling,train
73uLb6Zc03A,9,raining,train
9QneqUhCVtU,17,raining,train
L5khXsKgj4M,0,raining,train
l29uI7zSocs,0,raining,train
A5-hlx-K51k,0,raining,train
_VkLakwgP3o,0,raining,train
MNAHPNiZN_Q,0,raining,train
E6KAsuTzYkQ,0,raining,train
TIDBAcOIB6Q,0,raining,train
ErD5El3t9Yw,0,raining,train
lWb89n5BpCA,0,raining,train
d9Z23EzMngU,0,raining,train
5em6w-_chK0,0,raining,train
1RA2saByQng,0,raining,train
VpsoeDqrSzM,0,raining,train
XSvVokYP5cA,0,raining,train
dGlmz_4Eii4,0,raining,train
kFCko1dRjoc,0,raining,train
_baULatV7Fc,0,raining,train
uAKWP4OkAmo,0,raining,train
peMTbtcvENo,0,raining,train
XMLp3RzsxHY,0,raining,train
gFtMMOr9uYU,0,raining,train
2Cs2nmRH6fY,0,raining,train
3cWeev19sB8,0,raining,train
_MARMhUrB38,0,raining,train
L0fR5XCjGPU,0,raining,train
SaS5r-WZN78,0,raining,train
bft_8W4_kLc,0,raining,train
OdA4HPPnQxA,0,raining,train
Nj5CUrb4-Tk,0,raining,train
s46QOip04bI,0,raining,test
oMb9SV2PeFk,0,raining,train
QK8elrcOrrE,0,raining,train
P-94kfopAjo,0,raining,train
ueWdXFMXEIc,0,raining,train
Ko2rm9ymPZI,0,raining,train
LdHU18rmIa8,0,raining,train
Bjken4UdJQs,0,raining,train
aoiD56pdZ6I,0,raining,train
eThkr5iSbwU,0,raining,train
YJybSatcxYU,0,raining,train
hL9Rq7yDYQk,0,raining,train
W3k2-Zi-MY8,0,raining,train
QRmRSnkjP6c,0,raining,train
n3RjGbYLNBg,0,raining,train
0tFLcs4dAhs,0,raining,train
-Rq1BtCE_yo,0,raining,train
VCrk92XSHWY,24,raining,train
5ngN2J-kMHE,24,raining,train
8eIGZPwqT2U,0,raining,test
L9_O6gJwG5g,24,raining,train
fUF6dsWN5HQ,0,raining,train
0aYE1kqKtiM,0,raining,train
MAIjytZJI0U,0,raining,train
z6PS_UtksSU,0,raining,train
KDFwztK31og,0,raining,train
n9OnUWdxr2o,0,raining,train
FE_35qyMgdw,0,raining,train
nBrB1G3Vba8,5,raining,train
uMUc59apwpo,2,raining,train
HrO74lj5QBs,17,raining,train
WEPcCaB4JdU,50,raining,train
6cCk199tbcg,14,raining,train
xKjgKgv0xjY,8,raining,train
KpGe8TTNRAo,10,raining,train
hCqsqab2eTg,10,raining,train
CtgSWrOKA4s,27,underwater bubbling,train
-xFSyOIyC-I,0,underwater bubbling,train
p7oVVBW_BHw,0,underwater bubbling,train
3pWg8HSi7is,1,underwater bubbling,train
WphyHLsqV7s,21,underwater bubbling,test
fZy7gH0a7-Q,1,underwater bubbling,test
2Jik9Mxn0NU,5,underwater bubbling,train
Yp60yUb6nYo,10,raining,train
VtgvkG8e2go,0,raining,train
8VU8FKTSTAo,50,raining,train
QIpGVm9CNOU,50,raining,train
6AIVRgAchIo,50,raining,train
ubNfkpbxXUs,0,raining,train
uordO2vHjjI,6,raining,train
WTRTuW72MHw,3,raining,train
I8zbcDDa8gQ,18,raining,train
n5IkQ4wtbHc,10,raining,train
b4uSHAw62A0,10,raining,train
ob4QMUKpbUk,10,raining,test
59_AtP0RW0k,10,raining,train
r2HyTmJJ5aw,15,raining,train
V_sgBUdTfos,20,raining,train
C3phkSA8t78,20,raining,train
3dIK06pR42A,50,raining,train
_7efISW7H3E,20,raining,train
YTPzDhaENz0,20,raining,train
pVDNsddz-6Y,20,raining,train
6CY7mdmPLm4,20,raining,train
XxPSz3OELF8,20,raining,train
vDisiLXqCB0,20,raining,test
MVujKEiuXDc,20,raining,train
Z7p8twwM1YA,20,raining,train
onDYZsV8Wgk,20,raining,train
QIZOjfp_dCY,20,raining,train
NVFr9TiG7mI,20,raining,train
CBxwZ38s8PE,20,raining,train
stxMSE2ecMQ,20,raining,train
Vndv8u0CFlo,17,raining,train
ZLq-79RFHXA,17,raining,train
oe3AjT5_GK8,18,raining,train
R6bEJT5xIM0,14,raining,test
ovrkP8c7AKQ,0,raining,train
1R0XLgI8nNw,20,raining,train
iYpLfnMV2bs,24,raining,train
590pRbhWi78,14,underwater bubbling,train
9qm5kInqZlc,83,underwater bubbling,train
enQxo_fMZ8c,55,underwater bubbling,train
FbkUGkNRySU,44,underwater bubbling,train
ZwEqT_nhm-c,52,underwater bubbling,train
Fb7ybBHo2oY,125,underwater bubbling,test
VqLrZ36k7Z0,1,underwater bubbling,test
7mtLmLbQ2nE,10,underwater bubbling,train
v4BTqTX6uzQ,10,underwater bubbling,train
fKgWkA07LmM,140,underwater bubbling,test
8L0HHaxfRmM,1,underwater bubbling,train
R4oau83-XBI,1,underwater bubbling,train
fDNCZbY9hic,1,underwater bubbling,train
ZWMwuYH6Ahw,1,underwater bubbling,train
_Qpy0Pocvn4,1,underwater bubbling,train
JrTaNsYJL3I,3,underwater bubbling,train
1FMqbLebCe8,1,underwater bubbling,train
mzdhIEhGYCc,1,underwater bubbling,train
eQqdXTZXuHg,1,underwater bubbling,train
Rm9T5YCJLl0,1,underwater bubbling,train
e6hvY6iknhE,1,underwater bubbling,train
nb5csmRinGE,1,underwater bubbling,train
qO25aTLGl10,1,underwater bubbling,test
oK51h5cPCWM,1,underwater bubbling,train
8gORgKNAJAc,1,underwater bubbling,test
S21JoZJ5myI,1,underwater bubbling,train
gZXmc9JNPBM,1,underwater bubbling,train
UffpfazeoMw,2,underwater bubbling,train
8JZAKBjg8xA,2,underwater bubbling,train
ehI_S89tHC0,1,underwater bubbling,train
i9jhcZlMO7E,18,underwater bubbling,train
8E16dL1w8ZI,1,underwater bubbling,train
i8CN1UV98vM,1,underwater bubbling,train
PD8SM1HTuAo,2,underwater bubbling,train
qAVHeqdl2Rw,10,underwater bubbling,train
dx7RT8zf-mw,90,underwater bubbling,train
dtuNXcpchiI,0,raining,train
hKMzod5-lBU,20,raining,train
MINy6LiuOjs,13,raining,train
-JJeqOpzdm8,20,raining,train
ZoBkboMXvrQ,15,raining,train
43ZI5h-ekN0,13,raining,train
1boT-1cjSpw,0,raining,train
qlSJGcyKSGs,20,raining,train
tuWIRGQidhQ,20,raining,train
7L9PuJu1K6o,17,raining,train
KDfl7SmqXd4,56,raining,test
sob8r6LWwGU,15,raining,train
Z7kgwmfNlv8,0,raining,train
_9vdPfU8yMo,15,raining,train
75xv_NP0zEs,0,raining,train
v9vkQ0nCaSk,18,raining,train
95vSj5xpxLg,17,raining,train
Lm3zy5yVid0,12,raining,train
pTa9f6yxlog,12,raining,train
Oo5NYh4xhfI,0,raining,train
LnZ8PH4RN90,0,raining,train
3JrbhFweT_Q,0,raining,train
s2YBqbVYBMM,0,raining,train
jnURXue9HV0,12,raining,test
fp14mKctaZc,0,raining,train
OQFNfcKbnzY,12,raining,train
zXE1RtDjbyg,18,raining,train
IhM1ODkIZew,12,raining,train
Uw4cqgVcBQ8,18,raining,train
vvDYVaTjkbc,19,raining,train
W7aVL87Lf8Y,20,raining,train
JykQbg5W9i8,0,raining,train
4ASgU109j1s,30,raining,train
n0MffS4B6IU,30,raining,train
nYfN_59rThQ,18,raining,train
bxgC7FqtWD4,18,raining,train
xno2xRLy0yY,12,raining,train
BQN1r7K9Vwg,12,raining,train
1MKTiM3UUIM,18,raining,train
AOZ3AZY_Yq8,0,raining,train
59_AtP0RW0k,13,raining,train
MVxbOrUFlZ0,15,raining,train
d3_vKkvQ95k,0,raining,train
u9IcZpPB-LE,0,raining,train
9LLTkBNxhyc,12,raining,train
UOGaC9QlHaE,12,raining,test
9QPPd7HsQRU,18,raining,train
wmv8gAVaIHI,0,raining,test
lQ0fS2meTYQ,0,raining,train
W0bk_17JKSk,0,raining,test
_TbZ8Jb5nek,18,raining,train
3oioWytRiTg,12,raining,train
tVhZ-FEwj3k,20,raining,train
ddgKvX3v8Vc,2,raining,train
bUntI90An-U,23,splashing water,train
dtR2U-KsE3g,0,squishing water,train
jGiBBq7dBpk,10,squishing water,train
kfdfo13OInE,2,splashing water,train
JnkQQuIzByo,2,splashing water,train
vPhg6sc1Mk4,0,squishing water,train
rET3lp6kk2E,0,squishing water,train
zbc4X2InmdA,0,squishing water,train
zFgSpt6JNek,0,squishing water,train
RC_N8sHR-3I,0,squishing water,train
hT-VE5vCkr8,12,splashing water,train
5mL_INKdIrY,2,splashing water,train
ObGY3_gOoaY,8,splashing water,train
ECDs8nI1eQA,0,squishing water,train
Uj25WLM6YFo,0,splashing water,train
bSbb-Wxn0uE,0,squishing water,test
LSCfFgF3l40,0,squishing water,train
XRj751xgPjk,2,splashing water,train
a137MYbRA6M,0,splashing water,train
nSJ67PGjQfQ,0,squishing water,train
B1T06UhcX0Q,21,squishing water,train
mZ9RoWgyO-o,8,splashing water,train
r5-NObZbbmI,13,squishing water,train
3vmlIGCUY60,6,splashing water,train
nPit8KqqFwI,10,squishing water,train
8NUM31a-Igk,0,splashing water,train
v_aEmfaDO1o,27,squishing water,train
v4S0IadMOxM,8,squishing water,train
GogsbiJgOuw,0,splashing water,train
_Ujn220Suyo,8,splashing water,train
sQoraZ6B0Bw,7,squishing water,train
YupZM5Tpldc,17,squishing water,train
AnkRC4vINJE,17,squishing water,train
envvGKwlNd4,0,splashing water,train
Ax1Hxwi303U,18,splashing water,train
upBuPAWtlWk,13,splashing water,train
hEh8W7Vyuys,60,squishing water,train
MD0tXdSsnBA,9,squishing water,train
PfQWMrLO3hQ,44,squishing water,train
5iLESlcQwpk,0,squishing water,test
WojSG4m052g,0,squishing water,train
q7Avnx1gadQ,4,squishing water,train
Wf0rbmmqnHE,2,squishing water,train
p63DBOqFTcY,4,squishing water,train
n5oW1JgASCU,40,underwater bubbling,train
UOkcvGPHsgk,1,underwater bubbling,train
cWAE3VkZzts,30,wind noise,train
ox1xHrMLOyk,749,fire crackling,train
EqqpcFj8G-s,10,fire crackling,train
UgHKb_7884o,10,fire crackling,train
kc4HBytSiAE,10,fire crackling,train
WuHSBSLK3_A,10,fire crackling,train
zVl-W9cjz6U,2,fire crackling,train
7tBIAeduKR0,5,fire crackling,train
1zLPRzK19GQ,317,fire crackling,train
VgG_JK38L4w,10,fire crackling,train
4Z_rJW9Mpqg,1,fire crackling,train
d8O59uIWvqM,1,fire crackling,train
unbuZC5zM8E,20,fire crackling,train
wEfHStYw4cM,2,fire crackling,train
DBz6v0AZEnM,60,fire crackling,train
wwOoUo5cnVg,2,fire crackling,train
twjMT-zij2k,2,fire crackling,train
OUw7WKxyeTw,10,fire crackling,train
vr4sAvPSpEA,1,fire crackling,train
_RPMMO2I8a0,2,fire crackling,train
bmGsQkLb4yg,1,fire crackling,train
NUKKzdVy0EI,20,fire crackling,train
NxlLpH3ArNM,5,fire crackling,train
AWKzr6n0ea0,2,fire crackling,train
EKe9gOGeIMU,0,fire crackling,train
PDZtVTgTElY,10,fire crackling,train
_deFeO_gnwc,1,fire crackling,train
CNG6oys6pf4,220,fire crackling,train
9f9eFPHEyJI,175,fire crackling,train
ybnLiuOk7k8,360,fire crackling,test
Te7Eb9Gdtr0,72,fire crackling,train
I3CrGL2ymFU,1,fire crackling,train
caFIldooNnU,746,fire crackling,train
pW4VVZ-ljbw,20,fire crackling,train
tvNdPc7ed90,10,fire crackling,test
0yfH53kBiYA,60,fire crackling,train
msYT1dVxs4c,3451,fire crackling,train
4Pb8uua2qiI,781,fire crackling,train
Le-fXXaqb7M,10,thunder,train
yGxru_aejY4,5,thunder,train
_azcaqjLkiY,30,thunder,train
-K0pK4qRtgA,30,thunder,train
vU3misJFgTI,30,thunder,test
a3czf_ZD3zs,310,thunder,train
0AwU6lVxS3U,10,thunder,train
8MgFd5_Btco,10,thunder,train
HsQlpaYTE0s,10,thunder,train
WBzodnSrjG8,3,thunder,train
lsIrEA1dR3I,0,thunder,train
zrsny_TKqtE,411,thunder,train
Yn-Gg29t5fc,2,thunder,train
3Gwsle4rTII,5,thunder,train
GidOenFi8MY,3,thunder,train
0XPEi0-IUtA,1,thunder,train
rJiItdoF8CI,60,thunder,train
CRtLJ0dS6C4,2,thunder,test
cx8ZUCFI20Y,2,thunder,train
O2gfMDnATMw,2,thunder,train
Gz-jBbuqHZg,2,thunder,train
7TFSC-7GBQ0,2,thunder,train
CI0jX5TMs0Q,10,explosion,test
iv5g2MhPT5I,1,explosion,train
Ezmqd42xLyA,34,explosion,train
YUlXtTRi-Qg,15,thunder,train
Zhq_ThHG2gA,1,thunder,train
qYDfWUxhsIY,1,thunder,test
bGahK2A_fF0,60,thunder,train
LQOt1PccESY,1,thunder,train
r1YLIJh6uY4,2,fire crackling,train
B1T06UhcX0Q,1,squishing water,train
vPhg6sc1Mk4,1,squishing water,train
bn9F19Hi1Lk,1,squishing water,train
nPit8KqqFwI,1,squishing water,train
eDvQv1U53zg,2,squishing water,train
4KlE5wN4n3E,1,squishing water,train
xhqsgyC9Hwk,1,squishing water,train
3pEZQ1VnECY,1,squishing water,train
EVg-ID_2_QE,2,squishing water,train
9vsHmM8oQBg,2,squishing water,train
DHrbUgmlTOA,5,splashing water,train
zdZoKxCpe-c,40,splashing water,train
zg6iMSqpfj8,10,splashing water,train
WHPEKLQID4U,1,squishing water,train
Xn8tufsbSz0,1,squishing water,train
sksNCp00R7U,1,squishing water,train
E-lbpHIkaTo,2,squishing water,train
6f0y1Iaorug,2,squishing water,train
7DUKPsyzx0E,1,squishing water,test
_E1Q0KHs_Is,1,squishing water,train
WxfmULzzKoU,1,squishing water,train
CTRmgF5N_h4,1,squishing water,train
6bq1fGI__7g,1,squishing water,train
LydoK7hXKbs,1,squishing water,test
Kjp9RDm_2qc,1,squishing water,train
qTv8lRXM6Tw,1,squishing water,train
PfQWMrLO3hQ,1,squishing water,train
DGIXT7ce3vQ,1,squishing water,train
8dbIQJAcJdE,30,squishing water,train
3raVUTPAd-w,1659,squishing water,train
KneouT_z1-U,1,squishing water,train
BfkvBw2wrVE,10,squishing water,train
jJkEiw6Gh0U,5,squishing water,train
E8fiyj1hNwk,1,squishing water,train
IvjMgVS6kng,3,squishing water,train
l421II0duVg,5,squishing water,train
1Ef9CAZ3OrQ,60,squishing water,test
blAB_JqAJNw,30,squishing water,train
5Znklmom-5o,5,squishing water,train
u4U98xa1nUw,2,squishing water,train
JsEbVpTCd90,2,squishing water,train
icDwkh0kF0k,30,splashing water,train
vqx9i1RJXG4,5,squishing water,train
8NEIcg-vw6U,5,waterfall burbling,train
NOFZqZeaJ_A,2,squishing water,test
b5LxZb23CUQ,15,splashing water,train
6uhRxK_EOm4,30,squishing water,train
0w712_FeYMY,0,splashing water,train
aUBv51qlnBQ,18,splashing water,train
CC51i77e5ds,2,waterfall burbling,train
b7EzXFveBtk,15,splashing water,train
fEe7xEmfkAo,60,squishing water,test
cPqUiusjkRs,30,squishing water,train
_QB56FuiF68,17,splashing water,train
xvNNTc6ZPtQ,13,splashing water,train
W22UrX75rBs,13,splashing water,test
QZOzfoqt_UY,1,splashing water,train
B5EHeVLSA4o,30,splashing water,train
9arfc9VGHxQ,1,squishing water,train
D5pMbE25p7w,2,squishing water,train
JekUNGo-RVk,0,splashing water,train
c88vRICwCiY,120,squishing water,train
pUhx95gIsIo,5,waterfall burbling,train
KSMnVUB0GWs,0,splashing water,train
zFIqxxL4Z7Y,2,squishing water,train
NNp08pT3G8g,5,squishing water,train
SzmtdpXTSb8,0,splashing water,train
FD9X71Y3XxA,3,squishing water,train
DURYb3TZO0U,10,squishing water,train
yoclKoFFrpM,60,squishing water,train
J36FieuyUi0,30,squishing water,train
B8zBtzYYBDc,15,splashing water,test
PbdpECkFWEU,60,squishing water,train
4aM_AgHh8xc,8,splashing water,train
SXs79Atiwis,60,squishing water,train
ilqlSBYfCGs,5,squishing water,train
VEM9TTCJB9U,10,squishing water,train
C_aEYm2oe4k,30,squishing water,test
oktMbwzXD-s,5,waterfall burbling,train
3O7z2-h2zu4,60,splashing water,train
fX_tKCq-q9Q,30,squishing water,train
JNyBc8a_hGY,60,squishing water,train
UnhZ_Pt1_P4,24,splashing water,train
XhxYfqzmSaw,2,squishing water,train
dJTrynSEgKA,5,squishing water,train
oz3jpcRJ1MA,10,squishing water,train
PelLdH2SapI,18,splashing water,train
s_3bSTSwzWU,60,squishing water,train
6kiALFj_7QQ,2,splashing water,train
7Nuj5140aLE,0,splashing water,train
6TfS9enj-6o,2,squishing water,train
HdhL43ckp6I,2,splashing water,train
JmhWMRN_DT0,0,splashing water,train
mP6S4fUBu58,30,squishing water,train
t3V2PGUQOoQ,0,splashing water,train
-0L2mfa01pE,5,squishing water,train
QXe727SaE54,5,squishing water,train
q-sWpIyXW9o,60,squishing water,train
Sl_bUcFDf3A,10,splashing water,train
M8r0-gj-eG8,30,splashing water,train
alVduPOF9s4,30,squishing water,train
pnM9Er5dpDo,10,splashing water,train
7z3WslNS-bc,5,squishing water,train
y4YYZs83Xnw,15,squishing water,train
FZr-iCBmukw,120,squishing water,train
hl4dJ_BT4kY,15,splashing water,train
lczZ5OLDpko,2,splashing water,train
2IcdEJ4Jhs0,5,squishing water,train
xkUyIYfmTmg,5,squishing water,train
9On6WooT2m4,0,splashing water,train
0qEOlwW3MjU,5,squishing water,test
spMBFXOZMZM,0,splashing water,train
j7b14AwBaGw,0,splashing water,train
p4P03zPxsX8,0,splashing water,train
vGwlhxHXvgM,17,splashing water,train
tK_lq5rZ2Jo,0,splashing water,train
4oakHfGgnhk,5,squishing water,train
UyZfCrrdbm8,3,squishing water,train
-pwx8GH46Hw,10,splashing water,train
SgAFhfqItx0,5,squishing water,train
AZ7u2_VPr8I,12,splashing water,train
TdDQ5aHpge0,0,splashing water,train
5-VqL0fmPSE,10,splashing water,train
sPa2Kt1xRt4,0,splashing water,train
38hvlP3LBbY,22,splashing water,train
40b9YiIe49k,0,splashing water,train
zY3el_5hJ8I,0,splashing water,train
ec_xGmM_tJc,5,squishing water,train
aZTEFWQtQ7E,60,squishing water,train
VH8ybWrLR8Q,60,squishing water,train
0yhFZwGmFjw,600,squishing water,train
HTc_2XmKK-M,19,squishing water,train
sNf1a7XVHtE,10,squishing water,train
lkgwvh9KwPM,60,squishing water,train
dyBWKs-sLBk,5,squishing water,train
78GOZ1PMp7k,60,squishing water,train
phwdPM1u5F8,1,squishing water,train
Dt_jk3JKEsU,5,squishing water,train
UxHo9gEtm4E,5,squishing water,train
OlbOMdWcKFI,2857,squishing water,train
PpRhiAQU41U,1,squishing water,train
VmAdBqMz7V8,60,squishing water,test
kGNWt9XVnU8,180,squishing water,train
UmtkYk3pMxw,6796,squishing water,train
z77Te8N3pkg,8738,squishing water,train
WT5XxY-QZeg,1,squishing water,train
L9WT-F0RE-M,8662,squishing water,train
MzkD2bWzXcA,5,squishing water,train
HFwXxNygHrw,2,squishing water,train
8uNcA1J1THY,5,squishing water,train
_dkdFEb0vwc,60,squishing water,train
qYY87l7nthc,75,squishing water,train
Z_-yFqwP89g,60,squishing water,test
_lrxK8TDM_M,60,squishing water,test
b6xP3XYX5jw,60,squishing water,train
P47ItJ7tIzE,30,squishing water,train
bAtvCJmwzMg,16,splashing water,train
4fzJQ0tYOAE,12,splashing water,train
qHvN9jXLv8A,60,squishing water,train
hcpoIxYIDG8,5,squishing water,train
ZMNchD9olLQ,5,squishing water,train
U22mj35rYZM,15,splashing water,train
nlmeHiOJehM,5,squishing water,train
js01DLtzCtA,10,splashing water,train
6sZz43jz8w8,12,splashing water,test
2i4b3kQoZao,30,splashing water,train
xtJ_XVciOps,30,splashing water,train
2_gH_XfgMKg,12,splashing water,train
Ld8LPhJhdAg,40,squishing water,train
fFyT-3XN7P0,60,squishing water,train
hdgJNqbLiYg,60,squishing water,train
olWpF2q1qks,12,splashing water,train
jKCyFB5LmPo,19,splashing water,train
E4C6Pb5d4Yw,19,splashing water,train
DOG3plipDhU,60,squishing water,train
4aM_AgHh8xc,17,splashing water,train
DTh8m5meRAQ,5,squishing water,train
E7qRkUYu580,12,splashing water,train
W22UrX75rBs,13,splashing water,test
zLrfb3abCHA,20,squishing water,train
gVWEHZ2uj5A,5,squishing water,train
HxxymYoXosE,44,splashing water,train
8hWyLzBSFJc,111,squishing water,train
n9uMYY7tUfA,30,squishing water,train
cYKG11ast7Q,0,splashing water,train
G0V03NT_S2g,30,squishing water,train
IeCCQZ8fmuA,23,splashing water,train
KljCauisAFc,1056,squishing water,train
HoSeSuj58VY,0,splashing water,train
kg3ElG-H7Wo,12,splashing water,train
WwSFmC5FtX0,7,splashing water,train
Qo3OM5sPUPM,2,splashing water,train
N-8rZy3PK5I,999,squishing water,train
j2Udybhper4,30,splashing water,train
5LqfiloN5l0,15,squishing water,train
WllPKiU579Y,10,splashing water,train
nM_hLBVwbjs,10,splashing water,train
XpUL0h-2qLs,10,splashing water,train
nXYziOiHa44,0,splashing water,train
4nZyKfamCJ8,15,splashing water,train
OIhlLXvEKd4,1,splashing water,train
kjpceMjF7j4,20,squishing water,train
lvHRgREuwRw,5,squishing water,train
EZtlqsQjx9M,300,squishing water,train
fUVRIpgmQMc,20,splashing water,train
5PyLgaqvYhA,0,splashing water,train
Egc45u4quPk,0,splashing water,train
WHtoy5ZShrw,0,splashing water,train
iVs1V2KCoH0,17,splashing water,train
JZbXjQHmkzo,19,splashing water,train
EZtlqsQjx9M,240,squishing water,train
UAoC5PsJRDk,5,squishing water,train
tB4ylgX9W4s,1200,squishing water,train
AknR7JbR2RI,10,squishing water,train
n8ucUJ6Q_BQ,20,squishing water,train
GffeSIOPIro,2,splashing water,test
tvnSEujW4Q8,0,splashing water,train
86m8pAiN8cw,40,squishing water,train
mFfpIpc6gXk,30,squishing water,train
L30Pc-4Rkfg,2,splashing water,train
jyVVO8XpITI,20,squishing water,train
W8BJIdiHXjw,0,splashing water,train
tgS2HACBtoY,30,squishing water,train
Xh7bl-OgY98,30,squishing water,train
xGRjCa49C6U,10,squishing water,train
cmZkv0FnWWU,0,splashing water,train
Tr_vejE-ayo,796,squishing water,train
cPATDwEBISg,10,squishing water,train
aheh-y5_sFk,30,squishing water,test
q3b0Hr-D6pM,30,squishing water,train
ph0gl0mSKdI,30,squishing water,train
hLZHoX7mcQE,10,splashing water,train
XuHiac24LjY,10,fire crackling,train
_2ioOlo0u5I,1800,fire crackling,test
XuHiac24LjY,60,fire crackling,train
dNIXArIM8Es,60,fire crackling,train
ZTDzXHagx1Q,3600,fire crackling,train
VzWLCnzfeQs,100,fire crackling,train
NHDOtVojPlY,200,fire crackling,train
5qnD8Th48-g,30,fire crackling,test
200Evg4ndJk,20,fire crackling,train
7knh9IG9jCo,20,fire crackling,train
jJ7dJvQji_0,30,fire crackling,train
yibLlSOVoco,0,splashing water,train
yefEAsKW2E0,0,splashing water,train
7Nuj5140aLE,0,splashing water,train
_Ujn220Suyo,12,splashing water,train
nIF9xrVtEMo,0,splashing water,train
lt4CyWvGixg,0,splashing water,train
HIP1kTJ3vms,2,splashing water,train
7Nuj5140aLE,0,splashing water,train
fovSNCoYfbY,2,fire crackling,train
X2R_y4GGsqo,1,fire crackling,train
fhNv241WDLg,10,splashing water,train
DGRrsv-WC4Q,927,fire crackling,test
2ZdkyENFoqc,5,splashing water,train
g3TiGpP3PmY,12,splashing water,train
Bzdd9UoSevY,12,splashing water,test
6FEaBrVWDgM,10,splashing water,train
tjZu69tEmbs,2,splashing water,train
KjodWq_zYv0,7,splashing water,train
fGmYUo5ZDzA,12,splashing water,train
y8z94Unrqjw,12,splashing water,train
zUYztg3yVJc,2,splashing water,train
rK6InIS7bJk,18,splashing water,train
Td9JPccgz8U,0,splashing water,train
uWfwDnroMEA,60,fire crackling,test
VGlYxtkZUXI,120,fire crackling,train
cw8YK04KKRM,10,splashing water,train
Qp4gPrUw4PY,300,fire crackling,train
wlQe8mIhseg,20,splashing water,train
lidaZTgPTaw,11178,fire crackling,train
ButGYDxsYus,393,fire crackling,train
HGuURKo5O2s,322,fire crackling,train
MUhdGUJdcCY,0,splashing water,train
mJXg8yr4fxE,748,fire crackling,train
V2XM-bBY9kY,300,fire crackling,train
b9-bZZd4BcQ,90,fire crackling,train
-63BKyf0mL0,839,fire crackling,train
CuiXfhfKSr8,80,fire crackling,train
PNfjp3e_2oM,2,fire crackling,train
3eMsOo3Nbfg,20,splashing water,test
O-haE6qqohA,5,splashing water,train
4rBvTuOMtEk,60,splashing water,train
17pqA2Oz568,20,splashing water,train
8Oo3lLijWaE,20,splashing water,train
V3qChNAYuCQ,1,fire crackling,train
1Te6cgIc7i8,20,splashing water,test
G4CQQcU1_Ww,20,splashing water,train
_LMR0svjlzQ,20,splashing water,train
Cf-7EuQeF_o,20,splashing water,train
m7g2T9gz6fE,15,splashing water,train
Zefx1c6SO2s,0,splashing water,train
nRnlK4ROOnU,3,splashing water,train
Nxml2XfDock,0,splashing water,train
guNyjqCM4nU,2,splashing water,train
ruJg6AwW2n0,0,splashing water,train
ICh2ImrOfT8,0,splashing water,train
mw5H_gS_lQ4,0,splashing water,train
oM6iJZJzT1Y,0,splashing water,train
g5WsgSE8NiQ,0,splashing water,train
BO9GRKYfNJA,0,splashing water,train
Td9JPccgz8U,0,splashing water,train
sBwh9i-qv0U,0,splashing water,train
5uOcC-A-EvY,0,splashing water,train
3GtZhVsnJn4,0,splashing water,train
AwFoACBvpnQ,0,splashing water,train
U09HqP4HkKQ,0,splashing water,train
46ruJpJb-3M,3509,fire crackling,train
r7QgBFelUFk,8,splashing water,train
G6GezBeg1pA,2,fire crackling,train
ilF60hrxMDI,3600,fire crackling,train
CmywerDbdR4,0,splashing water,train
PRy83hnGBUw,0,splashing water,train
hwlGqy9MFHo,0,splashing water,train
AV0TjQZPc_0,0,splashing water,train
cl9ldKhmwj4,1200,fire crackling,train
ZAbzFQF3Uxg,0,splashing water,train
E77jmtut1Zc,30,fire crackling,train
fY8KiMI-fmc,0,splashing water,train
PNWWuQbjaA8,5,fire crackling,train
dbT-TDLpcD0,5,fire crackling,train
fL41hkO6wBg,1337,fire crackling,train
EAZusFY0v2w,20,splashing water,test
Bl-_F64qXn0,11907,fire crackling,train
n3WIN3j9Sfg,60,fire crackling,train
LYF2VzCN0os,257,fire crackling,train
bbLDfueL7eU,60,fire crackling,train
5g_2kBMmuBE,0,splashing water,train
huMbYCZxBOg,30,fire crackling,train
olzoVQf3B9o,3600,fire crackling,train
pZr_kMdRSLE,10,fire crackling,train
M5pa6k-Bins,10449,fire crackling,train
r58iwc0_6S8,60,fire crackling,train
CsaXJ-c7JCs,60,squishing water,train
25sPK4wnkvU,1,fire crackling,train
25dkyfDFAac,20,splashing water,train
F1ByV-fchKQ,100,fire crackling,train
gPZmntf3YO8,60,fire crackling,train
CLmvyz_HfGo,60,fire crackling,train
IJCWC6JSTUA,60,fire crackling,train
KPhJYSMXH4I,9,splashing water,test
BczK6nznDkM,0,splashing water,train
EOoSkW99qLA,10,splashing water,train
Nuh2H9W1Qo0,20,splashing water,train
4Xjr-O335VQ,4,splashing water,train
4Cb94BxdYyA,0,splashing water,train
1NikaGNdoTE,30,splashing water,test
b3gr4J_Qepg,30,splashing water,train
_YO8rKMCeck,30,wind noise,train
fM-4n50F4Is,30,wind noise,train
cD1jYoipuDs,5,wind noise,train
NRKagDqQiIo,2,wind noise,train
93lllQUtsXk,10,wind noise,train
_x0fo9WU71M,5,wind noise,test
iU4hc-kDLd8,10,wind noise,train
oIdp1Je8QLo,5,wind noise,train
7WPsftkv1ZY,5,wind noise,train
uKkJ0etAO5s,15,wind noise,train
RDfjXj5EGqI,30,fire crackling,train
qsOUv9EzKsg,10,fire crackling,train
toB2JvP6vvg,30,fire crackling,train
tW0vtLHuxe8,529,fire crackling,train
TLQm41-sOh8,30,fire crackling,train
6j3hPg0t5fo,5,fire crackling,train
WAxIJjlUnTo,60,fire crackling,train
xvxr2AaH9Eg,300,fire crackling,test
geDhhWvl1II,30,fire crackling,train
8sIguI-Kh2Q,5,fire crackling,train
U3XDeHAC7ss,5,fire crackling,train
_c5dKXVFwv0,10,fire crackling,train
Uk9b3Uts_Og,5,fire crackling,train
SwQ_gN7Sv_k,5,fire crackling,train
5RwI4sSdXTY,60,fire crackling,test
M2Vwi0dFs7g,60,fire crackling,train
1fr1E3EmyfQ,5,fire crackling,train
Oax-pmhkEOI,60,fire crackling,train
-7tUj4-k2A8,60,fire crackling,train
qv9vwXfq3hE,60,fire crackling,train
ArWoaT8Tf4M,5,fire crackling,train
MO7EaH8aluk,5,fire crackling,train
gsStQ-L7oUM,5,fire crackling,train
zEN_9bHU96U,5,fire crackling,test
Wx8QnMURvB4,5,fire crackling,train
4cw0bdhMLvw,60,fire crackling,train
acDfw2IJvtM,60,fire crackling,train
hv9P22XX92g,50,fire crackling,test
Jil0rnSqVXc,20,fire crackling,test
5aXGmmUQ2Wk,5,fire crackling,train
-dqOEKoty4g,5,fire crackling,train
vgiasoMVyCM,5,fire crackling,train
an0fbUOz918,10,wind noise,train
6aviLVB1g9A,10,wind noise,train
tyEhI7UUy3M,10,wind noise,train
yCykHHqk_z0,10,wind noise,train
-NDgHRfm0KA,10,wind noise,train
kkB_Vuq8EBM,10,wind noise,train
hZYSMkLSolc,10,wind noise,train
4KovtSLtZio,10,wind noise,train
HoWw5CL0OUc,10,wind noise,train
6IYCQuZdAmw,10,wind noise,train
7J0A8caUGos,10,wind noise,train
XyaZI0qxZWU,10,wind noise,train
zXkMTQccPvk,10,wind noise,train
WACwyoiqOJ0,10,wind noise,train
ETyk5AE4mD8,10,wind noise,train
TP2eeh6yOQk,10,wind noise,train
vwH6d7YXnvs,5,fire crackling,train
bhmJa8YYTow,60,fire crackling,train
s16qp8ASGlE,10,wind noise,train
SuSVNA21S2A,10,wind noise,train
yX5QMR2v-_w,18,wind noise,train
1GQu4LRBzFk,10,wind noise,train
rC2E4WuIJXk,60,wind noise,train
paxgBifkLfM,10,wind noise,train
1w3P_-vNvBs,5,fire crackling,train
D4WuD_WYXHM,18,wind noise,train
k9XhLmcwG_0,18,wind noise,test
leW_ZjMhCDk,18,wind noise,train
6mjvzmTT2-g,3600,fire crackling,train
-fsnve5QduA,14,wind noise,train
gNvuRd21rL8,13,wind noise,train
VkLXOS05Jhc,60,fire crackling,train
CzRaEVb1zH4,5,fire crackling,train
8AhWrB9mw7g,13,wind noise,train
wIvttt5mKLo,10,fire crackling,train
pk5_QmZ49hs,13,wind noise,train
iJmj4apDW_o,13,wind noise,train
zneJXZV-SGA,13,wind noise,train
OwUu0u79Mww,13,wind noise,train
VsBx3sZu26o,13,wind noise,train
qBT8xVHlgcs,15,wind noise,train
kkB_Vuq8EBM,3,wind noise,train
fJ2cHCMwSno,80,wind noise,test
KKi2qiuZZWQ,50,wind noise,train
6ddO3jPUFpg,20,wind noise,train
GdlESTqosg0,0,wind noise,train
1RJIHqy9fco,0,wind noise,train
pkW1YrX-_sg,0,wind noise,train
qvfnJNDUf8Q,14,wind noise,train
VkO7b-WBRw4,12,wind noise,train
IRWthZZ7geI,21,wind noise,train
rlt8u3EoC6M,0,wind noise,train
CgyyzYVGOdQ,10,wind noise,train
63pMuqP1FpU,15,wind noise,test
YN4Ysg04e7I,15,wind noise,train
J7ZmPvnSXV0,22,wind noise,train
3Taml8RzvQA,30,fire crackling,train
BnuokSbeAMc,60,fire crackling,train
PW1_fxpMy6o,60,fire crackling,train
eyU3bRy2x44,7585,fire crackling,train
tfMe4C-SM6Y,60,fire crackling,train
BCkmwOeiAFY,180,fire crackling,train
Eo7obd8D-Nk,1,fire crackling,train
4eUHmowq4C4,5,fire crackling,train
eCw2tqzSnz0,30,fire crackling,train
rpqHGiTPjrQ,30,fire crackling,test
w7ZHmrTHnB4,30,fire crackling,train
orO7TGkXrqw,60,fire crackling,train
4xAbSVrO6x0,180,fire crackling,train
-nsTT5nCBss,10,fire crackling,train
aUs33JocWnE,5,fire crackling,train
eil_-SkuKGk,3383,fire crackling,train
PBLbZHe2z0s,5,fire crackling,train
GqntA0XsWg8,30,wind noise,train
oVlGDtLYVsA,10,wind noise,train
e4jVXy8J3j0,5,wind noise,train
0s9qylqOqeU,60,fire crackling,train
JeXZnrgBH8A,60,fire crackling,train
8RpuokwwS80,60,fire crackling,train
iOyOk7TlH9Q,60,fire crackling,train
FXdfIJ1XrCc,60,fire crackling,train
00wUFSUwR-g,2,fire crackling,test
JM8GuKJtlNo,30,fire crackling,train
RZ25o_0IJB4,30,fire crackling,train
3VJ7YhJD0Nw,30,fire crackling,train
RvBVjcG5cyo,30,fire crackling,train
fIswAt1vBZ8,30,fire crackling,train
YEfBzA8xCB4,10,fire crackling,train
5cZYCRKMY2k,10,fire crackling,train
XC1-twtcejo,10,fire crackling,train
ILwAMeERBdE,30,fire crackling,train
uHlVe6qbqFE,60,fire crackling,train
_O5zASuld4k,5,fire crackling,train
3E4BQh8Fjd0,60,fire crackling,train
d63_HiUdKj0,5,fire crackling,test
afZl_GtTX_E,5,fire crackling,train
HU_eQTvJYXk,120,fire crackling,train
Sap5NRu2s8k,30,fire crackling,test
50e9Vi8bSBw,20,fire crackling,train
93mSWFNe9Zs,60,fire crackling,train
pcUUFlN-FRQ,60,fire crackling,train
KuZDrhMXsBk,20,fire crackling,train
jj3vHOCeCec,16,wind noise,train
lYJ17n_oUkA,0,wind noise,train
ANcELFL9Uok,13,wind noise,train
dXGHnRvDH0M,20,wind noise,train
Gph8pr1KPu4,30,wind noise,train
rUU5mbIjA7s,16,wind noise,train
DgR2njfPqwk,0,wind noise,train
X5AuQlOEx5g,19,wind noise,train
Z8Y5G37jqLc,240,wind noise,train
31QAuyCaMz8,30,wind noise,train
r2SgqZ4hpZY,15,wind noise,train
bEvJNrw7OOU,33,wind noise,train
E4gZQPYIwX8,10,wind noise,train
HdbI1torZ0E,30,wind noise,train
-UavdSJVvrc,13,wind noise,train
PnH2pCmlwfQ,25,wind noise,train
kvO5AOXWHK0,20,wind noise,train
w_5aSYEtIKY,0,wind noise,train
4lrHBXSzl4A,0,wind noise,train
BesNLp7Giso,60,underwater bubbling,train
gLSl6kS4htE,70,underwater bubbling,test
GENc5V3kNbY,1,underwater bubbling,train
srlEjOqV2tE,1,underwater bubbling,test
e3iwRoYYqzU,2,underwater bubbling,train
G7Swt5hpvBE,60,underwater bubbling,train
oxM0u7eYZZ4,15,wind noise,train
9xI5cLOZtvw,15,wind noise,train
tdM8sIMbO00,5,wind noise,train
xnR71UKLZYM,60,wind noise,train
lWULd19LvaY,30,wind noise,train
bHrIIay56zU,20,wind noise,train
YFSI0O1w4lI,21,wind noise,train
09mQW9ijOHg,20,wind noise,train
-TF3SkpKu_s,10,wind noise,train
y8sFr3OLfik,10,wind noise,train
oC6N96uCg7w,20,wind noise,train
qWC8wNt7vRk,30,wind noise,train
OLZC5ll5sJI,30,wind noise,train
-LHN7UNH-es,30,wind noise,train
6EeiVBkp1lQ,7,wind noise,train
l7lCXX6R9Bg,20,wind noise,train
zKdoN0uAtR4,15,wind noise,train
HMvwGXxWnbk,13,wind noise,train
45NOwI4IROo,30,wind noise,train
7GFpvaAYHyw,39,wind noise,train
cVdjrtH7Alo,12,wind noise,train
9y0sPgCdrcI,30,wind noise,train
tlbDu8GEaKA,0,wind noise,train
YwkalKraO5Y,20,wind noise,train
SdH4W7fIA8I,15,wind noise,train
teIRB6Gkync,20,wind noise,train
sHu5aDTNUSU,14,wind noise,train
Zp6BjeciSJc,10,wind noise,train
PVNzldVMB-A,20,wind noise,train
Zvp0WXVWFWE,30,wind noise,test
Jhm618Og-jQ,24,wind noise,train
JHUouLdiODM,20,wind noise,train
hlF-kQf0DM8,12,wind noise,train
dByhY9SbbJQ,12,wind noise,train
G4LS7K56pRg,10,wind noise,train
2dkilldNRJE,10,wind noise,test
6PNhOWygsgQ,10,wind noise,train
eeYwJeCk7so,80,wind noise,train
tZ0IIupBFgg,20,wind noise,train
-__pcu_OEGI,20,wind noise,train
tBIoBi_vAn8,20,wind noise,train
zBJhSBP8yPs,17,wind noise,train
OZ3fJTbLyUE,21,wind noise,train
UgKepzb5Wkw,50,wind noise,train
pvyGmfVzYeY,15,wind noise,train
kisHhE79Pgs,22,wind noise,train
DEVMmjl8jDU,10,wind noise,train
Dd3nlVcuGXQ,20,wind noise,train
qPp4a8uAr7g,20,wind noise,train
pvyGmfVzYeY,5,wind noise,train
wr5rHK6G2N8,10,wind noise,train
BlB_DDKaovs,23,wind noise,train
aA40_SLd1kg,18,wind noise,train
SVQVpzLzJpg,12,wind noise,train
nUPk1Pjuy6A,25,wind noise,train
FtcFhABKdMY,10,wind noise,train
4b15pVUHXFQ,200,wind noise,train
S62Fp43KeYQ,20,wind noise,train
bWD0deOJu34,5,thunder,train
BP5ewiUj2fA,3,thunder,train
Uj0DuD92TIk,8,thunder,train
HerMqzzkSd8,5,thunder,train
0W1h05JCqTw,10,thunder,test
dva7eX6tikc,10,thunder,train
2JBFvf9DYIQ,4,thunder,train
